drop database zoo;

Create database zoo;
use zoo;


create table employee (
emp_id int PRIMARY KEY,
first_name varchar(30) NOT NULL,
last_name varchar(30) NOT NULL,
salary int,
sex char,
birth_date date
);

create table habitat (
habitat_number int PRIMARY KEY,
habitat_name varchar(30) NOT NULL,
super_id int not null,
constraint fk_super_id_emp_id foreign key (super_id) references employee (emp_id)
);

create table works_in (
emp_id int,
hno int not null,
PRIMARY KEY(emp_id, hno),
constraint fk_emp_id_for_habitat foreign key (emp_id) references employee (emp_id),
constraint fk_hno_habitat_number foreign key (hno) references habitat (habitat_number)
);

create table species (
sname varchar(20) PRIMARY KEY,
category varchar(10),
diet varchar(15),
hno int NOT NULL,
constraint fk_hno_hanitat_number foreign key (hno) references habitat (habitat_number)
);

create table animal (
animal_id int PRIMARY KEY,
aname varchar(20) NOT NULL,
sex char(1),
age int,
acqui_way varchar(20),
health_cond varchar(5),
specie varchar(20) not null,
constraint fk_specie_sname foreign key (specie) references species (sname)
);

create table cares_for (
emp_id int,
ani_id int NOT NULL,
PRIMARY KEY(emp_id, ani_id),
constraint fk_emp_id_for_animal foreign key (emp_id) references employee (emp_id),
constraint fk_ani_id_animal_id foreign key (ani_id) references animal (animal_id)
);


/* DML */

INSERT INTO employee(emp_id, first_name, last_name, salary, sex, birth_date) VALUES
(1, 'John', 'Smith', 50000, 'M', '2001/01/01'),
(2, 'Lanny', 'Orsay', 40000, 'F', '1999/02/27'), 
(3, 'Barbaraanne', 'Oxenham', 20000, 'F', '1997/08/23'), 
(4, 'Gualterio', 'Barraclough', 45000, 'F', '2000/01/15'), 
(5, 'Lancelot', 'Bellenger', 33000, 'M', '1995/04/17'), 
(6, 'Shaw', 'Castellet', 25000, 'M', '1999/03/09'), 
(7, 'Prince', 'Barrington', 70000, 'M', '2002/05/10'), 
(8, 'Ward', 'Aslen', 50000, 'M', '1988/09/30'), 
(9, 'Kendrick', 'Cosstick', 35000, 'M', '2000/04/25'), 
(10, 'Melisenda', 'Ledgley', 45000, 'F', '1998/10/02'), 
(11, 'Allianora', 'Gowdridge', 47000, 'F', '1998/11/15'), 
(12, 'Deanne', 'Treske', 30000, 'M', '2001/11/01'), 
(13, 'Aurelia', 'Arnaudon', 23000, 'M', '1995/02/18'), 
(14, 'Sutton', 'Elgy', 15000, 'M', '1998/03/14'), 
(15, 'Maddi', 'Dullingham', 56000, 'M', '1994/10/01'), 
(16, 'Margarethe', 'McGiff', 45000, 'M', '2000/12/31'), 
(17, 'Jase', 'Guidini', 45000, 'F', '1980/03/20'), 
(18, 'Keeley', 'Imlaw', 43000, 'M', '1988/08/02'), 
(19, 'Wiatt', 'Lewisham', 55000, 'M', '1990/01/01'), 
(20, 'Anallise', 'Nornasell', 28000, 'F', '1991/03/17'), 
(21, 'Livia', 'Aseef', 45000, 'F', '2000/11/05'), 
(22, 'Henriette', 'Shireff', 36000, 'F', '1992/06/12'), 
(23, 'Nicolea', 'Biskupiak', 38000, 'M', '1998/10/03'), 
(24, 'Daffy', 'Stradling', 22000, 'F', '1996/06/17'), 
(25, 'Lusa', 'Capstake', 58000, 'M', '2002/04/08'), 
(26, 'Kelbee', 'Grzelczyk', 60000, 'M', '1993/01/01'), 
(27, 'Donia', 'Mason', 57000, 'F', '1990/07/15'), 
(28, 'Hirsch', 'Maunders', 48000, 'M', '1997/03/15'), 
(29, 'Martelle', 'Parysiak', 39000, 'M', '1998/12/31'), 
(30, 'Jacki', 'Scapens', 32000, 'M', '1999/11/21'), 
(31, 'Sheelagh', 'Brixey', 52000, 'M', '1996/10/11'), 
(32, 'Kay', 'Alvy', 48000, 'M', '1995/08/13'), 
(33, 'Brannon', 'MacCafferty', 25000, 'M', '1997/09/25'), 
(34, 'Elise', 'Lock', 40000, 'F', '1989/08/09'), 
(35, 'Gnni', 'Corah', 30000, 'F', '1997/07/01'), 
(36, 'Evita', 'Tunder', 38000, 'M', '1999/01/22'), 
(37, 'Indira', 'Blesli', 39000, 'F', '1998/10/02'), 
(38, 'Stefanie', 'Tax', 45000, 'M', '1993/02/14'), 
(39, 'Melitta', 'Josovich', 45000, 'F', '1994/03/10'), 
(40, 'Arron', 'Arnao', 38000, 'M', '1989/03/14'), 
(41, 'Norris', 'Rignold', 42000, 'M', '1993/06/18'), 
(42, 'Glenda', 'Simms', 30000, 'F', '1994/02/12'), 
(43, 'Rora', 'Stradling', 45000, 'F', '1997/12/03'), 
(44, 'Nikki', 'Redmile', 54000, 'F', '1998/02/13'), 
(45, 'Malchy', 'Turnpenny', 37000, 'F', '2001/05/29'), 
(46, 'Gwenny', 'Ruffli', 24000, 'M', '1988/10/12'), 
(47, 'Dolf', 'McAlpin', 68000, 'M', '1989/10/23'), 
(48, 'Berty', 'Walewicz', 47000, 'F', '1997/08/11'), 
(49, 'Guthrie', 'Swanton', 37000, 'M', '1995/10/01'), 
(50, 'Lotty', 'Bremmer', 36000, 'F', '1990/03/03');


INSERT INTO habitat(habitat_number, habitat_name, super_id) VALUES
(1, 'African Forest', 1),
(2, 'African Grasslands', 34),
(3, 'Asian Forest', 8),
(4, 'Reptile Center', 17),
(5, 'Arctic Ring of Life', 27),
(6, 'American Grasslands', 18),
(7, 'Australian Outback', 50);


INSERT INTO works_in(emp_id, hno) VALUES
(1, 1),
(2, 4),
(3, 5),
(4, 7),
(5, 1),
(6, 3),
(7, 2),
(7, 3),
(8, 3),
(9, 1),
(10, 2),
(11, 2),
(12, 1),
(13, 1),
(14, 1),
(15, 1),
(16, 5),
(17, 4),
(18, 6),
(19, 1),
(19, 3),
(20, 3),
(21, 5),
(22, 4),
(23, 5),
(23, 4),
(23, 7),
(24, 1),
(25, 4),
(26, 5),
(27, 5),
(28, 2),
(29, 1),
(29, 3),
(30, 2),
(31, 1),
(32, 3),
(33, 3),
(34, 2),
(35, 1),
(36, 3),
(37, 1),
(38, 1),
(38, 7),
(39, 1),
(40, 2),
(41, 2),
(42, 2),
(43, 5),
(44, 5),
(44, 7),
(45, 6),
(46, 3),
(47, 6),
(48, 7),
(49, 7),
(50, 7);


INSERT INTO species(sname, category, diet, hno) VALUES
('Gorilla', 'Primate', 'Omnivores', 1),
('Chimpanzee', 'Primate', 'Omnivores', 1),
('Ostrich', 'Bird', 'Omnivores', 1),
('Greater Flamingo', 'Bird', 'Carnivorous', 1),
('Lion', 'Mammal', 'Carnivorous', 2),
('Rhinoceros', 'Mammal', 'Herbivore', 2),
('Zebra', 'Mammal', 'Herbivore', 2),
('Wildbeest', 'Mammal', 'Herbivore', 2),
('Giraffe', 'Mammal', 'Herbivore', 2),
('Camel', 'Mammal', 'Herbivore', 3),
('Red Pnada', 'Mammal', 'Herbivore', 3),
('Macaque', 'Mammal', 'Omnivores', 3),
('Tiger', 'Mammal', 'Carnivorous', 3),
('Chinese Alligator', 'Reptile', 'Carnivorous', 4),
('Matamata Turtle', 'Reptile', 'Carnivorous', 4),
('Reticulated python', 'Reptile', 'Carnivorous', 4),
('Artic Fox', 'Mammal', 'Carnivorous', 5),
('Polar Bear', 'Mammal', 'Carnivorous', 5),
('Wolf', 'Mammal', 'Carnivorous', 6),
('Wallaby', 'Marsupial', 'Herbivore', 7),
('Kangaroo', 'Marsupial', 'Herbivore', 7);


INSERT INTO animal(animal_id, aname, sex, age, acqui_way, health_cond, specie) VALUES
(1, 'Harambe', 'M', 17, 'born in zoo', NULL, 'Gorilla'),
(2, 'Chipua', 'M', 13, 'born in zoo', 'Bad', 'Gorilla'),
(3, 'Zane', 'M', 12, 'born in zoo', 'Good', 'Chimpanzee'),
(4, 'Kaatie', 'M', 5, 'born in zoo', 'Soso', 'Greater Flamingo'),
(5, 'Aslan', 'M', 18, 'wild', 'Good', 'Lion'),
(6, 'Tamba ', 'M', 3, 'born in zoo', NULL, 'Rhinoceros'),
(7, 'Enzi', 'M', 10, 'born in zoo', NULL, 'Zebra'),
(8, 'Lenny', 'F', 9, 'wild', 'Good', 'Wildbeest'),
(9, 'Kivuli', 'F', 17, 'born in zoo', 'Soso', 'Giraffe'),
(10, 'Zakari', 'M', 14, 'born in zoo', 'Soso', 'Camel'),
(11, 'Ravi', 'M', 2, 'born in zoo', 'Good', 'Red Pnada'),
(12, 'Hanako', 'M', 15, 'born in zoo', NULL, 'Macaque'),
(13, 'Aleksei ', 'M', 10, 'born in zoo', 'Soso', 'Tiger'),
(14, 'Quon', 'M', 11, 'born in zoo', 'Good', 'Chinese Alligator'),
(15, 'Takeshi', 'M', 8, 'wild', 'Soso', 'Matamata Turtle'),
(16, 'Ploum', 'F', 1, 'born in zoo', 'Good', 'Reticulated python'),
(17, 'Fubuki', 'F', 8, 'born in zoo', NULL, 'Artic Fox'),
(18, 'Anana,', 'F', 5, 'wild', 'Soso', 'Polar Bear'),
(19, 'Kaskapahtew', 'M', 11, 'born in zoo', NULL, 'Wolf'),
(20, 'Renner', 'F', 9, 'born in zoo', 'Good', 'Wolf'),
(21, 'Eloise', 'F', 6, 'born in zoo', 'Good', 'Wallaby'),
(22, 'Sprocket', 'F', 10, 'wild', 'Soso', 'Kangaroo');


INSERT INTO cares_for(emp_id, ani_id) VALUES
(1, 1),
(1, 2),
(2, 14),
(2, 15),
(2, 16),
(3, 17),
(4, 21),
(5, 3),
(6, 12),
(7, 8),
(7, 13),
(8, 10),
(8, 11),
(8, 12),
(8, 13),
(9, 3),
(10, 7),
(11, 8),
(12, 1),
(13, 2),
(14, 3),
(15, 2),
(16, 18),
(17, 14),
(17, 15),
(17, 16),
(18, 19),
(18, 20),
(19, 2),
(19, 11),
(20, 12),
(21, 18),
(22, 15),
(23, 17),
(23, 14),
(23, 15),
(23, 16),
(23, 21),
(24, 2),
(25, 15),
(26, 18),
(27, 17),
(27, 18),
(28, 7),
(29, 1),
(29, 13),
(30, 4),
(31, 2),
(32, 11),
(33, 12),
(34, 4),
(34, 5),
(34, 6),
(34, 7),
(34, 8),
(34, 9),
(35, 2),
(36, 11),
(37, 3),
(38, 1),
(38, 21),
(39, 3),
(40, 5),
(41, 5),
(42, 6),
(43, 17),
(44, 17),
(44, 21),
(45, 20),
(46, 12),
(47, 19),
(48, 21),
(49, 22),
(50, 21),
(50, 22);



